Recency,Frequency,Monetary
372,297,5391.21
31,172,3237.54
95,28,948.25
333,3,876.0
25,103,4668.3
7,324,5579.1
16,61,5411.91
0,2366,60632.75
87,67,2005.63
373,13,489.6
50,30,598.83
38,241,80850.84
261,24,389.44
2,963,91062.38
7,28,711.86
373,1,79.6
1,478,28117.04
2,368,17220.36
11,31,2962.5
16,194,3534.69
8,147,832.88
33,308,14758.220000000001
29,84,3084.68
109,6,1659.75
88,180,2995.72
373,54,232.03
4,665,4119.5
33,120,671.95
9,13,399.51
373,14,233.45
330,29,689.95
11,117,3190.55
3,568,65039.62
22,112,1465.12
21,388,7930.54
373,81,265.1
1,123,21086.3
172,108,541.8100000000001
23,404,4058.32
242,17,379.73
57,23,239.92000000000002
39,20,1008.5400000000001
373,71,313.49
0,4412,33053.19
53,122,405.04
185,107,1607.0600000000002
71,12,226.75000000000003
101,65,1049.37
45,39,2043.0800000000002
2,156,734.37
373,9,161.0
71,33,798.99
30,85,2564.5
184,25,518.67
373,5,115.65
36,67,1198.23
7,43,2888.75
373,11,369.5
7,52,363.33
373,27,487.75
99,110,2158.18
3,483,2622.88
373,8,101.55
1,7676,40519.84
80,43,1848.96
275,159,7832.47
9,720,16587.09
1,302,5704.97
21,25,287.59
80,204,2814.7
373,8,256.44
373,65,351.75
311,19,538.8100000000001
4,130,2078.95
2,45,1388.81
60,9,357.77
0,197,25977.16
30,252,4726.8
143,97,1603.99
94,29,622.4300000000001
11,164,7276.900000000001
373,22,311.81
28,143,2709.7000000000003
373,14,205.86
1,2677,12076.15
128,10,180.85
217,143,2247.51
10,126,6717.34
373,28,102.78999999999999
8,155,8910.82
0,78,6479.4
11,59,1400.34
281,104,1077.39
372,18,303.97
372,3,38.1
39,405,2626.6
372,17,208.97
8,32,1308.6100000000001
372,1,244.08
21,45,5112.96
2,252,8694.26
1,134,4690.31
372,10,350.06
11,410,6776.56
11,304,6127.43
190,48,1024.1000000000001
10,186,3212.84
11,96,1421.29
11,458,4097.37
24,183,4416.26
372,1,106.2
211,91,1522.75
29,84,1567.48
10,284,4642.57
290,25,787.15
100,77,1810.77
4,81,2000.86
175,17,340.93
4,202,6140.42
372,21,127.08
372,9,207.5
26,122,1049.06
372,16,326.0
148,22,363.65
9,259,3546.71
18,173,4812.42
8,109,20275.61
73,115,1836.0900000000001
10,240,4748.52
21,76,984.91
23,136,562.41
31,98,463.21
29,72,2272.4
25,29,550.06
372,13,248.1
82,140,1285.04
311,16,319.5
372,57,321.79
18,250,885.8
372,17,311.25
51,86,1215.82
22,218,4006.94
16,127,3155.83
0,439,11025.24
212,14,294.12
22,63,962.39
372,1,15.0
7,165,4331.48
3,403,54534.14
58,35,592.9
4,476,12416.11
177,152,675.64
57,140,757.1
26,117,2720.8
15,208,1906.09
29,42,697.55
2,66,1258.06
7,250,17286.86
58,60,1011.9
3,305,11189.91
17,158,2999.46
67,7,4507.01
157,35,447.64000000000004
127,39,621.23
1,740,5593.39
372,3,50.550000000000004
1,349,37153.85
372,2,2002.4
222,9,217.9
218,88,1561.6100000000001
372,1,35.400000000000006
39,6,618.52
176,130,1160.04
2,348,3479.91
7,4,52.2
18,108,4597.02
42,117,2053.02
60,49,930.41
80,15,490.86
21,249,1296.44
179,227,1639.82
16,52,1139.73
39,27,7330.8
358,19,1660.9
371,39,754.87
187,37,272.48
4,414,3991.58
5,199,3037.6
371,42,112.27
1,186,742.43
371,3,39.75
25,258,28754.11
3,113,695.0699999999999
4,177,1002.9
1,219,4810.9400000000005
105,102,1905.8400000000001
63,146,2494.46
3,139,37130.6
1,70,58510.48
371,14,230.25
152,128,1817.54
10,259,1122.3600000000001
5,477,2314.13
71,48,3704.87
8,132,2415.91
65,35,725.18
23,96,692.22
2,555,3719.1
7,130,56252.72
65,73,487.99
23,109,1269.31
302,145,758.27
63,99,1841.18
11,1024,28337.38
54,80,288.96999999999997
1,387,8540.05
19,97,7354.62
2,1814,58762.08
5,1128,8778.82
5,165,674.82
7,358,6761.34
58,125,685.74
1,441,8004.92
0,424,4431.44
9,655,2590.31
47,383,4331.79
40,273,3235.25
8,266,16594.35
10,98,3787.6
5,886,4554.87
14,319,6416.7
12,219,1934.66
1,315,5343.28
369,29,152.88
313,69,533.33
40,254,2085.33
3,94,6675.71
10,1263,5625.08
16,72,2198.45
316,26,458.52
40,81,690.0
145,117,1101.1100000000001
12,122,675.64
12,143,1905.87
29,514,3080.39
14,317,3820.27
26,211,2317.2200000000003
185,4,154.82999999999998
7,319,4148.82
369,96,329.03000000000003
369,44,606.0500000000001
306,195,3651.27
5,197,5140.66
2,327,3040.96
2,971,8507.13
215,104,1097.6200000000001
59,148,3160.0
19,44,211.7
264,57,293.45
3,553,6720.41
4,59,2633.85
19,275,1404.07
253,37,258.25
5,459,3810.14
17,295,1960.65
12,887,4794.86
54,37,642.77
156,85,420.07
15,97,1657.28
3,117,2424.94
17,369,34684.4
2,103,4196.01
15,213,10384.93
302,150,921.62
37,325,2599.19
33,100,1449.32
14,23,467.04
16,293,2742.82
12,128,1432.77
1,303,16345.38
45,63,1095.08
0,328,17256.85
368,10,375.69000000000005
1,471,5533.67
2,114,2069.77
3,61,1046.56
29,89,1415.75
22,94,1680.72
74,27,551.04
21,24,1927.3200000000002
368,4,56.25
1,84,1383.83
53,93,1420.2
358,19,290.40000000000003
18,47,939.32
9,1477,19766.59
19,122,525.69
282,19,348.05
40,139,965.16
2,265,4654.08
60,23,694.4000000000001
127,71,889.9300000000001
14,196,1770.22
65,94,381.0
50,242,5049.95
2,28,1126.37
26,157,501.03
3,120,2221.01
368,1,76.32000000000001
23,265,2806.69
7,440,9743.11
2,448,4421.29
368,52,226.45000000000002
33,85,971.76
8,48,627.13
156,326,2592.25
148,116,581.23
11,228,1258.08
17,225,4730.81
198,23,516.36
10,567,9175.04
19,394,2467.99
2,258,2780.63
26,140,1165.48
10,118,2474.33
368,8,123.24
108,251,2298.97
12,296,4552.14
31,499,2718.03
310,48,416.89
2,86,1604.75
11,92,752.4399999999999
28,236,2093.68
3,310,7616.53
71,54,2059.4500000000003
141,29,601.27
7,48,2044.8700000000001
17,82,1844.02
4,271,1951.97
12,133,699.81
11,108,1789.72
8,46,1297.8700000000001
100,73,1200.6200000000001
4,50,2483.63
107,40,428.18
144,81,1724.67
308,35,664.54
8,336,194390.79
2,195,3827.76
44,78,1125.07
173,3,571.1999999999999
336,2,816.0
3,165,3501.1
2,690,13110.02
65,178,1453.16
26,50,1195.94
38,31,496.21000000000004
11,167,33643.08
16,202,9585.91
2,142,5189.52
297,31,576.9000000000001
254,61,770.12
367,29,180.7
1,109,3558.87
3,154,3701.44
17,79,338.62
3,74,1736.4
17,422,8968.31
36,95,860.86
115,115,1641.76
17,111,808.87
9,152,1636.43
1,705,20374.28
2,135,2796.51
4,665,3653.75
59,39,1121.39
367,7,230.39999999999998
21,165,3219.77
4,43,353.65
15,188,1427.57
367,6,87.5
4,60,3902.28
21,118,2248.9900000000002
11,206,4226.57
10,157,1691.51
213,41,632.27
56,42,1178.56
73,157,2203.67
2,314,5591.42
367,7,112.6
367,13,289.35
22,33,504.8
0,431,259657.3
17,51,1540.42
2,270,1865.89
366,2,48.800000000000004
31,26,502.8
3,358,12627.94
2,211,4521.49
14,403,5836.86
4,155,2870.2400000000002
2,331,10611.720000000001
1,246,5149.92
31,17,789.0
8,223,2584.41
16,26,1099.98
333,111,2184.42
2,291,2463.05
29,107,2603.43
58,206,3385.62
1,1132,7975.49
3,119,9817.12
2,143,2975.59
4,382,10504.49
56,223,2799.42
2,183,13027.45
15,293,4483.26
73,38,684.4200000000001
4,140,2099.64
366,4,307.82000000000005
0,460,8338.49
366,45,145.93
8,444,1871.77
22,662,3962.6
2,512,13316.4
24,115,529.29
3,224,1465.51
96,115,2424.04
17,49,986.48
156,157,682.29
0,210,15610.390000000001
71,22,536.6800000000001
60,57,554.86
256,52,4959.1
18,619,6910.78
40,157,2781.23
21,46,2119.41
16,151,1502.8600000000001
366,5,403.25
24,46,1058.34
0,200,12245.960000000001
1,100,2004.98
52,12,1253.3600000000001
24,42,2338.6000000000004
4,77,1371.18
366,3,129.75
366,7,168.6
2,192,4799.9
33,172,3964.88
15,1112,6295.37
120,146,3675.77
9,78,1333.68
256,23,346.6
71,192,1118.96
366,1,590.0
10,99,14389.9
1,111,728.02
205,22,483.8
92,5,1255.0
108,45,422.47
143,19,356.7
37,91,380.39
366,5,201.60000000000002
8,135,2473.37
29,407,12353.29
26,16,920.51
88,127,1032.58
18,242,2358.84
15,12,250.15
8,308,5076.55
8,210,3352.96
10,91,2638.94
23,198,3843.08
8,141,2588.77
8,95,1856.63
212,47,895.61
365,5,63.0
131,70,675.6
25,90,1600.86
2,89,9068.26
4,551,8347.2
5,476,10845.550000000001
8,143,3965.62
257,25,453.0
8,110,8109.5199999999995
10,183,2267.9500000000003
365,14,308.28000000000003
4,54,26879.04
15,4,326.4
365,11,174.4
4,19,1195.8999999999999
204,43,468.77000000000004
8,55,2357.6800000000003
96,67,663.65
253,18,316.25
365,73,367.14
32,14,265.76
186,156,1046.57
365,2,181.0
4,628,16143.64
1,304,6424.09
7,264,2493.34
39,111,1871.81
43,88,2306.52
365,12,300.91999999999996
365,66,414.88
25,13,215.07999999999998
36,17,36.56
16,270,2619.91
15,53,1572.71
219,51,1008.39
326,66,599.97
94,9,243.36
119,51,1044.32
8,36,1690.2600000000002
72,71,482.2
2,91,1474.72
365,17,249.86
22,133,2218.62
38,108,3627.77
3,269,5504.96
60,52,894.4100000000001
100,77,1406.59
232,6,856.6
29,140,928.76
8,402,3564.83
9,338,2662.2
1,342,3251.79
4,587,2755.63
7,619,9024.17
1,390,2367.12
23,299,5488.18
38,115,2285.71
36,25,841.0799999999999
5,215,1987.33
9,258,5447.0
364,26,458.92
106,31,534.85
360,19,365.45
26,189,1964.3
10,202,1051.79
364,29,182.25
310,37,310.06
364,38,190.7
22,73,8625.8
176,28,147.20000000000002
260,53,969.0600000000001
28,71,3599.73
9,64,1153.62
67,371,1403.1100000000001
46,160,3786.2400000000002
128,97,1590.81
5,137,2392.83
59,138,8099.49
29,312,3683.26
3,64,6924.110000000001
51,123,2703.23
312,29,501.39000000000004
364,44,256.32
12,166,4023.7200000000003
75,31,309.04
30,370,10526.32
24,467,3187.55
364,3,173.7
4,279,7123.62
9,111,10464.85
32,122,1477.66
9,20,375.35
362,66,141.04
362,37,269.83
12,626,7069.08
19,1175,4630.35
12,123,859.71
152,248,989.45
12,105,916.13
40,251,1337.18
37,127,800.67
143,2,343.2300000000001
45,92,335.03
245,79,392.4
123,186,1562.4
358,14,322.08
2,463,6309.83
25,390,1201.51
11,84,2474.23
7,695,4910.6
36,504,3080.22
362,22,121.05
362,37,157.92
79,90,594.04
362,9,135.39999999999998
362,25,179.1
19,444,7634.7300000000005
8,43,4301.22
4,20,1785.15
5,67,930.28
17,785,5859.43
154,19,70.02
10,226,3401.2400000000002
3,32,6463.84
361,7,418.92
119,9,254.1
11,101,2314.65
30,321,5891.61
10,208,3901.81
42,193,1957.32
4,138,2969.12
8,144,5398.3
115,6,543.05
236,29,630.84
24,111,2004.3
17,721,6493.54
22,404,3039.17
95,127,3099.12
26,178,1358.74
361,53,250.04
52,172,2984.49
7,567,3961.12
12,531,3124.72
178,80,711.79
361,6,145.0
8,132,1854.06
322,91,586.89
199,69,400.1
17,86,418.4
166,14,228.2
196,53,899.63
1,710,18641.010000000002
10,55,1095.42
241,21,1047.11
19,282,4215.9
36,75,7121.95
360,3,102.0
360,18,365.27
1,171,609.3
23,142,2611.75
31,197,1843.83
10,312,7044.68
26,69,1071.49
2,202,3482.7400000000002
100,31,1317.62
273,29,262.62
23,283,6211.66
3,93,501.28000000000003
26,265,5725.47
4,127,2088.6
360,15,479.35
2,134,5180.52
8,1637,51527.3
32,67,1266.97
7,123,1271.06
22,77,1244.59
1,579,5855.57
66,207,3313.79
173,98,460.59
106,84,1431.93
163,84,5719.82
11,47,2791.35
17,31,700.73
336,11,293.0
32,421,6003.22
4,84,1535.53
24,55,865.0600000000001
26,534,4009.34
4,182,4051.48
8,224,3799.4900000000002
5,123,1814.12
35,26,658.64
10,35,653.33
89,72,1154.4
0,54,2085.08
192,61,517.53
2,276,2519.21
359,10,201.20000000000002
264,69,3638.41
169,41,642.41
31,97,1744.71
155,7,121.0
359,9,422.70000000000005
7,382,9646.57
29,103,2735.37
70,25,477.83
0,157,3641.32
8,8,317.53
86,28,1030.14
240,66,847.41
60,37,747.44
127,46,740.9399999999999
3,33,885.47
21,35,618.09
359,39,290.34
359,5,74.4
35,87,1227.43
105,119,1887.2
89,222,3756.33
60,101,1059.1200000000001
283,58,434.59000000000003
71,57,987.86
35,84,2062.7000000000003
16,301,5159.06
165,30,811.45
4,204,7943.22
359,1,80.64
10,423,10399.74
106,60,383.75
358,10,271.05
17,172,3347.71
66,124,2273.68
1,110,1883.8100000000002
0,169,3989.57
238,33,514.15
15,97,10879.76
4,131,2616.38
269,39,855.02
53,138,3295.76
16,252,4095.9
17,120,5464.12
0,270,14034.99
91,97,1496.98
22,113,1400.44
157,20,7374.900000000001
4,444,6680.11
51,164,752.77
12,122,1476.09
29,190,2213.13
105,35,749.78
3,154,1535.77
9,85,2183.54
1,92,1788.3600000000001
169,194,3703.29
8,117,2352.53
9,140,1417.63
15,196,4921.04
3,125,1936.07
3,136,2322.4
64,151,2938.91
56,100,1553.18
358,25,351.3
26,56,841.41
2,296,5870.08
252,45,215.72
218,7,253.04
358,4,76.55
358,30,476.35
7,214,4076.91
75,44,602.51
3,194,6065.69
2,130,1404.64
4,272,6484.54
25,251,1564.73
103,28,417.06
4,277,66653.56
16,162,2552.21
21,249,4345.5
170,31,693.8100000000001
10,32,1079.6100000000001
247,21,632.4
358,18,540.45
172,133,2628.35
81,51,901.1999999999999
306,56,417.27
198,83,292.01
11,404,5655.91
7,74,2237.77
21,82,42055.96
59,92,1638.47
2,1062,10416.98
183,29,475.28000000000003
1,471,6281.23
3,22,1651.03
357,9,316.58
21,65,716.0
50,52,889.9300000000001
357,4,158.16
357,11,190.55
123,304,3083.65
8,210,4191.0
15,96,450.41
58,58,408.65
103,265,1852.67
303,58,360.81
47,544,2959.88
7,175,2567.06
355,17,193.64
49,89,1824.23
35,30,604.51
354,19,290.51
16,250,3104.17
3,20,1098.48
3,34,1840.42
113,26,6912.0
75,47,924.85
21,26,1379.9
4,61,1974.65
18,162,2428.53
7,106,2662.4
354,56,214.26
15,390,4274.16
1,42,870.12
30,37,1456.96
10,66,8631.31
3,17,1164.55
30,10,1247.5
353,54,1141.24
57,34,575.4
126,206,2097.84
3,212,3923.86
7,20,3515.68
24,62,1949.72
236,64,932.85
351,1,134.55
50,9,913.6800000000001
351,7,172.25
46,42,1021.48
351,21,300.42
22,78,1555.32
67,112,2095.53
339,11,168.3
9,238,4017.54
66,233,1980.57
72,38,1544.13
1,194,3719.12
68,101,824.58
126,19,1737.7
8,147,2702.4900000000002
42,193,3432.8
19,113,859.27
156,36,1030.4
72,47,1224.06
143,16,195.73999999999998
23,59,7792.36
4,62,813.52
317,5,309.8
17,4,6748.8
338,6,119.3
1,234,1926.65
33,254,2242.61
109,208,1116.68
9,201,5090.42
126,73,3613.63
338,155,1044.65
44,242,5228.05
173,27,720.52
23,107,1878.87
9,16,553.44
9,111,12669.98
32,931,5030.07
256,29,623.4
36,296,2358.59
33,89,1592.1200000000001
3,721,2045.53
70,207,1519.42
164,49,379.65
46,87,1611.59
122,82,798.46
17,138,3711.77
337,37,236.02
194,35,865.6
196,17,2139.76
95,32,922.12
194,135,1578.67
164,18,316.11
53,24,1647.26
336,13,104.76
239,13,178.96
185,5,152.4
4,159,5425.56
9,90,1793.17
60,291,1647.48
74,43,605.12
336,10,135.9
234,61,765.55
108,127,2011.88
185,36,710.28
122,79,1688.29
7,94,3957.78
22,74,1324.16
64,47,11581.8
9,43,1591.45
5,123,801.12
40,237,1337.72
5,300,3039.2200000000003
334,14,157.09
58,11,255.9
19,105,480.31
78,116,2247.41
1,47,1106.53
37,103,1187.21
17,69,1515.9
9,235,5010.28
10,925,4034.9
19,38,240.22
75,98,884.14
334,5,73.5
26,433,2898.2599999999998
2,80,1319.91
21,57,1116.47
58,54,1231.31
4,828,7761.82
333,19,332.41
10,123,1530.75
333,29,311.71
218,26,605.8000000000001
51,40,1547.2
44,58,1531.6200000000001
49,136,2965.69
25,162,5360.63
58,139,2332.15
60,21,422.64
206,31,477.79
113,15,355.11
332,8,153.9
332,3,110.95
332,17,252.42000000000002
40,94,2386.05
196,22,437.7
12,465,4767.36
1,212,16225.39
241,166,1259.24
312,21,580.0500000000001
235,10,44534.3
64,210,1921.55
10,87,2073.43
22,70,1177.47
103,31,1375.71
301,6,186.39000000000001
332,29,344.14
9,31,2462.79
18,139,2209.36
29,314,1705.78
40,46,867.31
331,29,492.65000000000003
17,258,3789.52
7,66,1750.92
42,52,837.1
89,76,6115.01
18,371,1580.29
24,71,867.38
331,3,197.65
40,229,3560.32
61,69,990.2
331,5,1289.5
39,50,562.59
0,213,31833.68
117,43,925.35
0,406,4462.68
330,13,201.19
4,11,400.86
8,63,1064.07
44,50,954.09
192,15,284.46000000000004
42,121,3466.36
273,15,386.53
330,9,155.17
330,14,226.37
72,214,1921.3700000000001
60,206,1482.06
330,1,250.0
24,195,1585.46
18,136,1961.52
8,166,2993.1
79,56,1351.63
329,35,534.57
74,49,675.8
318,24,328.35
59,149,3222.3
329,37,421.9
4,501,2557.18
17,258,4975.24
1,186,4098.32
54,63,537.0600000000001
12,113,908.86
88,30,933.7
50,27,330.03
173,72,502.9
26,194,2248.63
12,68,1105.59
14,135,1819.41
33,186,1547.3600000000001
26,457,2009.24
42,378,10196.57
58,61,855.45
40,233,1105.78
88,138,2726.23
57,72,790.86
33,217,2242.36
33,168,2711.11
326,1,165.0
50,194,3672.86
11,38,201.12
3,59,942.34
4,337,9785.970000000001
73,35,5976.79
326,8,146.85
3,218,5298.4800000000005
169,9,842.65
17,126,848.22
326,28,201.16
326,34,216.07
325,1,440.0
40,16,920.1
234,16,280.55
325,1,77183.6
325,12,155.93
138,19,435.02
288,12,702.0
325,7,107.45
1,1667,7436.93
7,137,1224.06
187,34,263.33
324,1,76.32000000000001
61,77,2920.16
28,72,1132.03
58,66,794.64
70,77,1268.98
2,551,5054.42
3,262,2804.54
16,18,292.0
26,15,289.99
112,18,404.58
42,30,463.46000000000004
280,41,386.15
323,10,178.95000000000002
323,11,330.9
56,54,245.81
323,6,97.7
323,14,229.46999999999997
232,52,876.42
28,100,2555.58
322,11,135.75
206,127,2997.0299999999997
322,4,94.36
31,96,2647.59
227,69,1065.3500000000001
10,589,50491.81
322,14,302.0
137,68,591.55
7,129,405.47
212,20,201.37
320,10,153.0
138,103,2944.95
12,304,3957.43
180,40,483.25
23,167,981.51
205,103,1563.0
320,39,158.8
1,372,3213.59
110,113,1009.73
16,313,3107.87
1,218,1594.97
320,24,265.85
10,2,344.0
319,8,155.0
17,15,1262.2
301,36,1140.35
183,10,251.21
319,6,200.10000000000002
3,219,2097.88
15,80,1618.69
319,17,206.98
63,38,784.33
16,16,1267.6499999999999
29,43,1360.99
18,93,2206.95
2,129,2160.7
52,82,743.11
58,105,1453.35
319,4,91.80000000000001
113,8,2207.4
319,28,207.73000000000002
319,66,480.91
318,5,585.0
318,23,417.69
72,149,2867.2
94,79,1201.06
64,106,3099.7200000000003
10,166,5756.89
23,35,996.1
23,80,397.68
318,7,106.83000000000001
70,30,2116.19
2,508,4397.3
318,1,99.5
66,86,574.07
78,109,1316.25
318,122,773.5500000000001
45,128,2166.98
36,126,1299.59
211,33,816.73
31,87,639.02
33,81,2003.85
318,8,302.58
318,7,120.94999999999999
3,338,14589.04
64,14,656.6800000000001
150,4,652.8
74,27,572.451
37,39,773.99
16,478,5578.72
107,41,1801.14
211,18,266.59000000000003
317,10,157.02
242,3,406.08000000000004
49,35,1462.72
17,77,834.12
218,87,1129.06
1,572,28882.44
78,148,877.5600000000001
85,68,266.85
317,11,249.0
36,231,2022.98
151,12,282.59999999999997
36,58,1219.4
22,59,1226.89
49,128,1068.82
66,39,705.12
8,95,1599.52
78,55,1384.85
0,266,1228.88
3,60,1286.27
68,34,1592.06
10,327,2526.09
30,221,5575.56
42,54,1314.45
24,25,578.9
43,112,2380.85
29,192,1131.75
316,17,1308.48
77,114,1681.46
22,20,1936.3200000000002
28,157,741.37
56,125,783.97
275,25,1489.5
92,53,1140.93
66,109,3740.07
134,78,1957.1000000000001
43,25,1280.85
114,165,1475.43
129,28,605.64
1,290,9418.470000000001
8,253,2529.93
84,135,2388.75
25,114,2314.32
267,48,806.41
3,335,6307.650000000001
14,33,523.11
15,46,546.4
299,37,289.78
68,48,327.6
19,102,1740.6
313,8,112.75
313,47,559.61
313,43,403.3
16,208,1875.86
19,608,2429.83
312,15,382.5
23,224,4481.67
312,28,494.64
24,131,2527.92
40,57,646.92
12,221,2861.55
17,89,596.26
176,2,750.0
8,217,6580.44
51,117,2538.3
312,10,177.5
12,168,2079.68
312,74,214.37
107,16,240.0
217,63,309.36
115,30,962.19
312,19,219.52
25,266,2102.54
44,78,1706.57
22,81,1714.59
3,178,17159.52
15,126,3738.4
32,66,1187.66
311,19,178.22
59,174,2610.36
311,21,325.75
23,45,568.55
86,355,7180.7
29,40,276.75
311,18,316.26000000000005
138,60,4599.42
311,8,117.85
112,50,958.71
245,28,433.53000000000003
25,142,1827.8
52,111,1624.14
199,68,1396.99
311,56,289.24
24,97,3408.48
45,342,1320.95
70,24,203.2
31,145,1488.67
266,2,901.2
311,1,35.8
17,35,4199.85
60,90,1835.7
310,4,113.64
255,29,478.53000000000003
310,14,1063.0
94,26,854.95
310,8,154.41
110,16,434.34
8,128,3092.04
36,63,1016.14
122,44,709.71
247,23,362.95
23,27,564.62
32,46,1698.94
310,21,349.27
15,41,2379.49
30,65,2054.36
81,3,523.0
58,53,950.36
176,9,120.9
52,12,173.74
31,13,409.5
151,521,1981.06
302,5,167.25
28,140,2429.03
119,23,389.6
239,35,312.23
1,155,2520.02
7,45,26626.8
309,29,331.24
26,206,646.42
309,33,558.32
50,110,3178.17
309,10,118.0
9,71,952.66
85,37,631.34
92,18,379.35
309,29,475.37
261,88,605.58
58,148,1217.65
302,11,307.02
22,336,6403.25
8,235,2711.6800000000003
11,5,843.0
127,35,730.86
308,11,153.94
308,21,393.49
10,687,3603.29
49,104,1980.56
7,107,1456.79
70,34,1118.99
218,18,611.88
308,1,550.8000000000001
308,23,381.32
59,13,1268.7
57,148,2580.91
4,579,11349.52
43,145,2824.69
306,24,142.4
159,90,665.78
306,9,131.9
306,19,108.07
25,20,345.46
92,189,1100.27
305,25,393.33000000000004
14,79,1135.63
22,306,4544.55
82,265,3502.32
154,33,322.96
28,104,1715.46
96,153,1213.73
33,148,1046.74
151,39,258.88
28,151,1582.8
305,85,409.93
71,42,925.85
304,23,141.92000000000002
304,1,79.2
3,419,5006.77
134,86,1277.75
149,4,295.0
273,7,109.8
304,8,133.35000000000002
303,8,118.95000000000002
109,52,1405.78
303,11,314.1
11,87,1981.92
29,74,887.67
303,37,205.48
302,20,330.79
49,18,4020.04
7,286,5739.46
302,17,470.36
36,35,515.77
246,123,1038.44
93,36,2106.52
91,16,934.62
210,46,1106.4
9,86,2810.2000000000003
302,21,302.7
100,63,1264.19
1,132,2708.61
57,19,312.54
30,197,2760.56
127,29,982.42
3,103,1823.52
204,4,216.5
28,105,2924.9900000000002
4,61,575.63
301,23,530.15
53,104,1786.79
31,53,510.71000000000004
130,89,1685.46
29,107,1511.8
96,308,3185.64
21,46,468.41
191,174,697.54
40,74,291.48
299,38,436.18
66,116,2055.51
50,41,1006.98
31,172,3639.31
298,15,321.05
191,86,1431.78
32,102,1445.01
49,87,1741.22
67,26,830.76
23,27,414.76
50,271,1425.67
3,89,1852.0
297,1,3.75
114,82,1633.78
53,135,2048.45
14,213,1156.6
297,21,821.1
28,66,1428.02
30,78,727.74
120,60,1021.58
213,76,623.28
119,69,1341.65
297,1,122.39999999999999
19,10,1309.6
297,5,89.2
7,55,1366.38
78,89,1391.98
296,13,363.7
296,7,142.4
25,213,2862.11
296,12,173.05
29,117,6287.77
72,4,601.56
133,24,1390.5
74,5,1759.5
29,170,5900.25
296,50,826.53
64,59,695.42
296,1,76.32000000000001
16,117,1979.37
44,63,1443.69
39,118,2337.63
16,458,7277.7
246,12,306.55
14,302,5955.71
44,41,638.05
295,74,1257.8700000000001
157,22,416.08000000000004
9,74,5126.76
32,83,2328.9700000000003
295,8,152.65
44,46,348.1
53,112,2241.1
295,4,100.5
108,78,1624.21
294,17,311.55
66,125,3386.71
9,88,1646.8400000000001
72,28,6617.65
105,14,449.52
37,26,332.64
10,141,2364.25
294,16,307.4
116,39,688.86
176,39,674.45
294,1,34.0
15,18,614.66
185,3,331.0
33,146,1595.96
9,279,1660.8799999999999
173,25,289.36
103,81,618.09
162,44,845.55
95,63,1080.52
292,83,505.82
15,195,906.52
81,70,3017.3
50,84,3447.4
49,29,488.2
75,25,371.62
70,95,2748.31
37,79,1454.58
37,155,3158.13
255,81,1028.46
164,91,1327.16
24,28,1003.06
291,33,560.47
67,24,381.2
37,138,646.83
1,4,270.6
98,2,4055.7199999999993
121,79,674.89
80,28,908.46
85,49,1493.73
35,67,2211.21
290,9,53.5
290,8,113.44
36,135,2248.56
7,498,11138.710000000001
290,28,220.1
290,31,574.02
267,27,354.09
15,71,2001.04
119,83,1340.7
84,42,663.61
40,102,1833.71
95,139,686.63
23,187,2709.12
14,179,1668.95
134,38,653.35
30,135,2588.39
289,40,622.88
289,6,94.0
98,64,1119.74
165,17,356.97999999999996
14,189,7561.68
56,83,1555.34
10,23,385.1
58,30,501.56
52,305,3049.88
8,47,911.26
44,66,664.26
21,78,1461.14
14,86,1676.06
289,1,101.69999999999999
4,115,2495.87
256,3,1276.0
289,16,224.91
192,123,2071.77
43,171,4582.64
15,477,10650.77
100,12,455.59000000000003
39,176,3442.15
1,23,398.7
183,50,925.71
30,68,1157.8700000000001
77,46,690.59
19,79,1197.81
50,28,457.72
288,9,116.19999999999999
288,23,462.95
288,19,363.65
288,23,584.3199999999999
197,25,588.85
288,28,127.86
288,9,296.25
38,22,389.27
95,81,2651.46
287,20,389.5
2,115,2770.94
16,30,745.52
4,216,4113.68
9,53,1072.3600000000001
9,166,3090.7400000000002
11,43,461.19
77,15,1259.56
36,116,1869.82
287,35,741.26
60,12,84.65
164,30,636.51
66,13,195.55
25,86,1802.91
287,11,264.7
44,52,792.11
285,29,65.13
268,9,944.1
285,10,145.04999999999998
78,5,483.4
8,41,708.22
18,149,2758.26
15,135,764.88
5,71,2031.78
19,46,424.89000000000004
36,63,949.12
12,215,1082.33
112,69,1220.26
284,38,626.65
16,121,2263.12
10,93,1614.31
201,11,218.25
151,25,486.82000000000005
26,175,3350.96
15,20,306.71999999999997
68,52,567.1800000000001
8,44,979.72
63,120,4405.88
31,295,6911.4400000000005
284,18,94.05
284,14,154.99
38,31,578.9399999999999
263,9,241.06
1,1088,8152.71
45,47,748.5
61,40,484.32
284,10,158.68
60,27,675.69
205,26,412.78000000000003
197,89,1448.21
73,3,136.0
283,1,79.2
9,57,621.6800000000001
18,202,3435.76
283,6,133.25
66,110,1756.44
24,106,607.53
215,26,457.81
283,16,204.5
19,41,690.34
283,7,317.15
169,80,291.05
7,59,787.6
31,42,2548.2400000000002
283,41,417.2
53,34,1382.07
7,100,4871.93
64,192,3984.32
282,10,162.3
2,163,3109.99
282,18,312.38
131,85,2375.41
78,82,1744.76
17,89,1880.22
198,38,1143.27
43,185,3709.56
74,7,234.34000000000003
196,67,993.54
191,33,664.0
282,12,110.38000000000001
4,110,653.19
89,25,724.76
282,4,374.0
282,1,207.50000000000003
235,15,304.25
19,97,1879.05
8,271,5037.26
239,16,416.64
26,87,1421.69
281,9,137.1
281,15,306.94
84,79,3029.87
1,15,1418.03
4,69,693.95
211,20,641.92
281,14,348.2
281,2,76.1
218,28,495.77
281,14,225.9
29,269,6893.42
25,259,4867.72
178,58,1238.47
16,142,2534.64
16,12,231.86
10,109,3466.2799999999997
95,58,1237.53
280,15,222.99
51,117,1778.96
280,29,218.06
18,70,1163.23
28,34,584.06
197,40,707.69
280,6,96.8
38,60,231.98000000000002
21,7,126.25
25,53,1426.16
280,123,392.86
81,21,323.69
280,13,164.4
92,12,716.2
21,350,2795.33
26,190,808.44
25,42,600.07
47,107,673.26
4,212,2533.42
33,416,10797.48
278,20,136.76999999999998
277,14,217.2
91,12,307.48
59,37,709.38
277,10,180.60000000000002
67,116,2511.69
51,29,813.48
44,134,1096.32
30,67,1004.38
277,11,328.8
197,31,211.77
277,22,117.55
80,61,469.0
277,17,162.7
200,63,1110.34
50,124,1774.03
8,292,3579.86
277,15,149.64
4,33,387.68
70,269,2225.15
276,14,197.0
88,180,3279.97
46,31,784.58
49,123,1905.45
276,19,237.36
276,6,325.1
45,134,10736.48
276,9,391.52
107,73,2157.73
79,122,2369.55
31,329,2461.2400000000002
1,462,1897.57
8,521,9227.82
60,158,3312.25
9,438,3611.31
276,7,108.5
2,353,1863.76
3,88,648.26
16,90,1614.91
23,95,1367.88
2,317,5655.03
10,9,420.29999999999995
110,34,473.02
156,30,597.09
93,26,982.07
22,160,2915.15
1,40,975.36
275,7,298.0
12,90,554.85
275,24,380.5
127,57,1009.6
275,24,120.44
57,95,1877.59
1,237,3883.25
15,167,3285.31
17,62,1305.33
16,19,388.52
274,13,223.95000000000002
227,37,632.07
274,2,660.0
86,31,2106.84
78,126,2740.03
274,23,333.08
29,77,1334.34
274,19,310.47
274,7,101.34
274,18,282.93
81,10,217.16
274,10,268.58
74,16,245.94
40,42,499.41999999999996
99,23,288.42
88,28,544.3
53,90,2092.66
273,3,121.17000000000002
50,16,612.0799999999999
43,166,2707.33
58,118,6773.97
273,34,1145.6
163,75,1594.23
32,144,2467.35
273,16,108.21000000000001
273,13,516.42
157,47,1078.96
36,27,587.15
47,54,478.09000000000003
68,59,477.86
5,147,1019.27
271,49,285.33
190,40,334.23
18,78,2657.13
270,5,126.7
142,67,1121.59
25,127,11528.48
22,137,2812.34
8,116,17654.54
259,2,590.0
32,289,1953.41
12,201,578.71
23,60,536.99
17,42,1159.11
269,22,343.62
67,42,853.39
269,25,170.75
66,16,689.4799999999999
22,8,287.62
269,43,217.89
17,100,1422.52
170,44,1062.75
269,21,138.28
17,341,5291.33
28,66,2214.79
269,50,283.73
268,20,301.9
4,61,974.4200000000001
268,29,1829.04
36,28,609.85
65,65,1313.55
14,12,965.61
268,29,439.03
31,48,1010.29
154,29,622.85
268,5,142.5
74,98,643.76
213,8,596.85
71,7,518.28
1,180,4757.16
77,68,1090.24
79,11,561.5699999999999
22,245,5655.99
267,1,71.4
267,4,62.85
267,5,333.74
16,96,1836.34
182,75,269.09
17,433,3174.75
213,41,533.3
15,120,1504.27
267,37,914.9300000000001
267,5,676.2
267,2,251.51999999999998
1,134,2621.38
99,11,3070.42
0,222,4263.64
204,24,639.5
16,192,3439.08
12,540,3146.92
266,7,177.15
266,22,409.98
3,155,5683.15
266,8,183.6
2,114,8134.9400000000005
21,159,918.33
266,13,752.4300000000001
64,58,1117.13
266,7,152.55
161,84,225.26
0,179,4413.1
266,66,252.81
38,11,283.15
44,101,2481.13
64,142,820.23
266,21,141.41
266,5,234.24
46,101,719.81
15,27,4892.240000000001
236,47,854.99
266,6,118.75
32,102,1735.18
30,35,629.31
266,20,344.90000000000003
16,116,2064.95
264,5,211.5
3,323,1437.57
106,23,413.2
179,45,342.83
264,10,138.68
46,84,654.67
42,115,2048.07
264,8,172.9
46,263,1048.28
264,12,320.62
4,349,7060.13
35,16,247.95999999999998
52,80,2354.25
65,103,1702.26
10,106,2599.03
264,34,267.18
264,5,113.5
16,24,466.7
29,56,528.48
92,60,991.13
263,14,226.21
263,21,300.52
263,31,922.1
40,33,684.34
89,33,584.5
263,10,158.95000000000002
219,108,1693.45
263,16,298.11
136,80,712.24
175,57,1564.56
87,55,758.92
263,1,15.0
263,11,200.29
194,14,1689.5
262,8,114.56
183,43,740.95
107,47,1465.3200000000002
18,52,977.9300000000001
42,114,2148.63
262,21,517.55
262,9,215.05
262,45,200.16
10,345,2839.62
191,11,617.05
66,109,466.73
11,110,1797.78
23,149,914.69
262,58,237.07
262,37,292.47
38,35,692.19
261,1,25.5
84,122,3450.84
261,21,329.56
26,60,974.52
261,13,327.25
144,59,385.64
15,48,1022.13
261,7,207.79999999999998
148,180,2103.06
261,3,77.3
144,52,747.81
134,89,2515.84
12,41,778.94
261,24,396.87
37,4,2560.0
15,81,16209.5
92,23,711.41
166,232,803.54
4,43,942.26
3,56,381.97
37,68,1098.43
1,52,1123.8600000000001
36,32,646.3
73,27,921.88
1,157,2895.64
260,42,775.85
260,15,251.21
3,9,178.96
260,8,154.95
162,55,1516.24
5,190,729.8
260,71,602.63
75,79,3144.86
260,38,361.54
0,89,1664.65
260,23,335.32
260,3,40.5
260,18,409.57
63,49,2100.6
31,90,2504.13
35,138,732.41
16,170,5064.94
144,71,1484.06
259,18,170.95
85,52,881.26
233,20,149.57999999999998
2,41,1341.6
217,29,336.13
100,59,422.24
2,3,204.0
151,12,735.66
18,306,2020.4
257,89,609.4
80,48,222.62
257,17,193.0
45,109,1804.56
23,90,1413.66
11,187,3834.2599999999998
158,56,367.63
256,5,88.2
256,14,174.8
31,350,6688.46
54,57,286.79
116,34,588.13
178,35,674.52
46,104,553.36
64,19,388.25
23,28,511.35
155,22,631.9
138,48,881.07
31,73,1340.8700000000001
60,46,637.5
185,46,683.46
37,274,5396.04
0,51,1712.89
134,65,408.36
255,17,277.07
114,38,653.38
19,150,1567.69
66,123,3683.86
255,54,283.71
214,5,354.12
15,174,2478.95
40,185,3000.2
116,43,799.9
73,114,2446.6
85,50,993.18
254,3,56.4
19,234,4147.96
9,192,874.43
254,17,383.34
37,86,5732.93
123,148,594.39
80,28,936.08
95,29,913.19
254,17,271.0
73,33,437.96
88,43,2398.86
254,54,836.79
114,51,817.86
254,26,229.33
154,82,1705.8
28,115,1991.01
253,17,388.45000000000005
253,15,307.53
16,46,745.06
253,7,125.65
28,81,302.57
73,48,657.8
12,340,2088.94
39,91,2178.67
226,5,1998.0
72,44,1770.34
50,25,290.25
10,142,2674.48
253,12,58.49
49,30,1212.8400000000001
253,4,226.85
159,12,188.02
252,18,364.8
252,19,257.23
15,276,5493.46
100,162,10254.18
252,9,151.5
25,61,1213.1599999999999
38,101,507.05
252,1,85.0
252,24,417.95
30,215,4167.22
58,143,2836.69
63,13,712.88
252,2,37.4
252,2,136.8
201,7,1012.0
250,17,127.84
19,404,3408.2000000000003
7,31,584.07
42,68,3406.7200000000003
249,37,535.34
60,91,1797.5
249,8,183.4
57,96,1295.3
225,20,755.75
31,102,869.28
189,54,873.74
29,58,939.78
249,17,304.25
249,1,12.75
61,191,528.01
249,18,328.2
1,235,1581.84
53,175,3339.64
248,8,463.95
248,13,336.96
248,2,594.0
81,86,559.59
5,397,2573.93
60,328,2854.84
50,125,1885.05
65,34,631.57
135,10,657.9000000000001
4,67,1194.73
248,12,374.57
14,6,628.78
184,13,771.85
72,67,283.47
247,20,305.78
72,59,891.12
247,12,123.1
156,5,186.42000000000002
113,22,339.44
247,18,454.12
87,69,1236.54
247,13,206.21
92,98,547.9
130,20,1475.81
2,97,1036.58
64,119,2634.45
247,12,72.9
2,166,3078.58
246,1,175.2
219,38,610.59
21,107,1497.31
11,35,745.06
124,75,1175.38
26,27,632.97
0,277,1010.35
88,46,2262.62
51,28,458.57
246,10,228.84
107,117,696.89
23,171,625.42
173,26,513.7
246,8,102.12
45,23,212.54
17,119,728.54
3,142,664.34
245,20,394.44
15,86,1393.69
245,27,487.51
110,75,1474.06
19,19,357.20000000000005
31,165,3170.98
245,14,266.4
46,18,594.24
245,10,310.05
245,28,484.95
245,5,129.45
196,28,455.88
21,11,169.55
32,94,403.12
147,41,483.72999999999996
154,17,333.97
81,82,1799.33
245,7,104.9
28,83,1356.33
107,6,763.64
96,123,678.16
243,12,110.97
243,27,239.49
12,202,1328.35
243,14,112.55000000000001
24,145,2118.93
168,115,2222.21
197,42,267.16
243,34,560.67
23,280,4628.75
44,67,981.86
1,110,1661.44
242,8,185.65
14,71,1188.1200000000001
18,2,1231.5
242,20,310.26
242,14,309.52
242,28,390.54
51,29,559.97
25,51,918.2
9,39,774.9000000000001
9,57,869.46
91,24,671.96
242,8,183.85
239,12,416.86
114,56,932.97
23,75,3075.04
25,83,1687.6000000000001
9,111,10484.99
14,10,692.85
31,229,3518.03
95,69,1140.21
241,30,135.19
63,130,3189.81
241,15,246.04
241,5,101.8
38,656,7205.33
170,74,414.87
241,8,313.8
241,21,112.75
29,49,882.24
240,23,350.75
239,23,429.6
14,73,1387.99
106,42,706.57
39,78,276.06
8,143,2618.23
85,98,1793.58
60,253,2404.17
240,10,185.04999999999998
94,55,922.39
8,28,2154.97
240,6,110.25
94,58,1037.59
17,67,1720.3
32,222,1415.65
240,28,623.5
51,78,3506.54
207,40,1303.9099999999999
81,62,1179.89
168,31,885.19
33,173,1122.63
1,44,563.23
52,69,1800.07
18,39,701.4
65,41,1266.08
35,39,1740.48
239,52,1345.62
239,20,328.15999999999997
18,137,2022.81
87,52,2445.91
239,74,1266.23
239,9,116.00999999999999
239,15,579.0
239,9,139.05
103,93,762.16
217,137,3251.071
238,1,30.599999999999998
21,44,1389.41
114,36,605.0600000000001
45,123,3613.15
32,112,2195.1
30,35,1066.1499999999999
238,33,167.55
236,15,232.48000000000002
110,2,716.0
78,21,819.2900000000001
123,37,1142.42
236,19,314.45
8,110,1624.05
24,53,1488.32
19,62,1094.59
236,29,175.27
236,62,226.84
236,19,338.95
31,50,1257.51
235,21,406.48
95,154,3100.09
235,5,151.85
151,82,1506.1200000000001
203,8,255.12
235,31,247.39
19,72,408.02
32,133,886.7
103,64,1534.26
133,7,814.0
189,92,1000.27
29,117,2188.05
9,78,1648.1200000000001
15,103,1771.78
200,15,300.95
99,53,1019.76
234,7,150.3
24,195,2883.54
15,60,1041.68
17,152,2883.1
234,8,101.19
234,23,409.40000000000003
75,49,621.29
12,291,1067.75
234,9,113.5
53,43,700.63
157,17,616.15
233,5,103.3
233,3,157.2
7,48,1429.64
23,122,2791.27
3,144,2953.59
23,4,596.1
233,23,454.24
233,27,267.03
8,39,837.5
233,18,307.46
178,19,264.62
100,23,1240.2
4,102,1625.97
16,31,529.41
11,51,797.96
1,39,528.33
73,99,5232.2300000000005
232,6,139.35
169,26,503.59999999999997
200,5,163.20000000000002
157,29,734.13
29,116,881.29
232,13,225.15
44,95,623.93
232,11,184.64
187,23,275.28
227,11,205.7
227,24,413.46
12,277,1904.99
24,105,2107.38
227,38,358.38
1,99,1412.32
185,15,311.26
226,2,305.28000000000003
1,9,216.29999999999998
226,26,201.19
143,113,2726.77
226,60,511.68
226,10,203.95
52,99,804.3
225,5,93.35
44,95,631.12
50,39,731.9
115,27,621.8299999999999
32,69,1154.47
30,42,890.34
225,14,259.45
225,10,160.95
107,32,1314.45
225,10,112.32
33,84,781.91
225,6,314.22
225,15,107.21
225,28,440.0
225,20,331.18
82,221,1301.91
222,17,383.45
40,116,1221.56
8,49,1932.23
130,14,329.6
220,8,134.8
220,28,446.62
220,18,288.6
1,259,4684.76
18,37,1132.14
24,44,682.9100000000001
189,35,542.03
140,10,160.35000000000002
165,96,427.64
67,82,1378.4
24,165,703.99
40,27,680.1800000000001
198,19,557.3
60,102,1471.0
219,6,75.66
219,4,203.86999999999998
11,63,1078.23
10,29,450.84
45,135,5203.51
23,63,1101.97
19,15,336.4
218,1,179.0
218,7,306.72
218,6,134.7
128,39,524.9200000000001
218,13,252.06
17,98,2076.89
218,9,208.36
53,47,939.37
218,2,185.39999999999998
119,39,595.67
218,3,265.2
218,22,188.60999999999999
1,73,1070.71
31,60,1005.09
14,50,843.48
218,5,67.95
218,5,143.45999999999998
26,71,2043.7199999999998
46,26,698.41
9,104,2073.09
217,1,76.32000000000001
217,3,404.40000000000003
65,45,714.42
217,4,59.9
33,128,2225.37
217,5,93.75
46,11,3742.2
71,104,1796.48
71,34,668.4300000000001
184,12,199.15
168,34,623.16
217,17,90.12
33,38,980.31
217,6,199.85000000000002
9,84,2874.72
11,27,800.59
57,204,854.66
157,15,1019.52
215,57,312.28
14,79,1551.78
215,14,141.85999999999999
140,117,2293.62
47,381,1693.81
43,37,990.88
16,64,1214.72
25,55,834.57
19,29,582.6
215,6,90.6
105,6,149.05
214,13,239.4
7,282,3640.67
214,17,111.15
127,10,3276.4000000000005
214,8,109.13000000000001
214,6,92.72
78,76,1214.41
78,105,1532.2
33,34,658.88
72,78,2232.4900000000002
40,40,895.13
213,55,2044.3700000000001
2,87,2612.96
112,13,270.40000000000003
213,16,426.6
213,5,370.79999999999995
15,176,1320.21
213,16,311.3
3,199,4090.88
30,71,2114.33
87,47,1010.6
212,57,977.77
58,29,376.64
1,11,252.49
212,5,85.0
56,127,2607.61
177,62,833.78
47,45,380.02
1,91,4777.18
212,18,348.15000000000003
212,1,931.4999999999999
18,43,604.64
4,186,1402.59
212,58,1031.07
18,53,761.59
211,22,738.6
71,7,498.95
57,27,813.11
211,34,612.78
211,40,334.54
22,50,1134.28
108,69,3717.35
211,8,101.4
64,45,1158.79
29,90,1331.57
22,64,1041.61
24,9,475.8
25,19,595.42
50,71,772.55
67,101,653.75
211,15,635.66
45,99,693.32
211,29,562.79
56,68,1654.31
3,226,882.72
21,21,668.5600000000001
210,28,519.68
208,13,112.8
54,62,383.68
3,129,2234.73
208,16,1028.56
5,166,1570.81
208,23,63.440000000000005
12,156,846.62
4,34,688.33
84,11,380.64
78,92,1560.38
207,30,463.38
207,20,369.2
58,19,444.74
17,63,1766.72
85,28,152.06
206,10,357.98
18,31,635.41
65,70,1120.88
73,61,861.89
7,106,2199.31
30,74,1824.37
161,52,1145.84
0,3,168472.5
205,6,157.9
5,302,986.96
10,188,3349.57
205,33,1384.25
198,42,695.61
11,36,672.83
98,6,529.62
95,63,911.94
3,128,1616.8
4,28,640.83
85,65,1100.9
17,45,1352.75
16,88,1870.97
169,14,214.06
45,60,1186.35
204,9,171.45
23,33,478.78
204,10,155.9
78,15,307.76
26,52,761.74
8,426,1652.18
12,58,1353.74
21,82,1422.4
43,75,1612.69
9,108,2639.17
204,19,349.55
18,10,186.23
38,12,206.34
133,21,397.29
203,1,59.8
203,8,131.7
22,54,1385.51
168,14,388.5
203,57,585.12
103,47,1370.6
203,7,172.29000000000002
42,70,1837.28
32,37,566.58
72,12,225.57999999999998
73,135,4098.88
7,26,471.78000000000003
70,15,190.25
201,9,257.7
10,16,382.14
201,15,306.13
89,108,1649.5
187,2,52.0
30,78,1316.07
24,77,1971.87
201,28,236.04000000000002
201,24,178.39
201,6,143.1
200,54,860.12
189,28,506.8
12,97,621.09
200,1,326.4
57,39,638.0600000000001
8,55,1041.48
114,26,1339.45
200,30,339.59999999999997
56,90,1520.58
108,29,122.14
199,24,327.97
29,45,723.2099999999999
199,5,135.93
154,18,315.06
0,262,4206.39
21,151,617.15
8,9,176.63
198,23,611.85
198,1,179.0
24,17,974.54
198,19,182.99
169,98,1033.06
197,8,144.8
73,28,558.7
197,4,271.85
186,22,160.71
80,48,810.5699999999999
81,37,592.97
114,72,3859.82
18,117,1545.41
196,8,134.04
196,1,3096.0
15,83,519.6899999999999
196,33,559.87
161,31,588.22
148,42,626.77
196,1,207.50000000000003
60,105,643.9
180,70,321.43
194,22,208.59
194,42,240.89000000000001
194,12,207.15
25,18,68.84
192,19,139.35
192,26,457.34
192,9,228.8
64,13,272.07
18,29,304.47
71,192,1975.35
192,15,309.54
22,15,184.19
39,42,650.41
11,47,866.24
49,18,272.04
191,5,133.56
191,11,346.98
173,25,404.3
65,45,1043.46
29,62,402.2
29,20,681.9100000000001
190,22,119.93
190,6,112.19999999999999
14,167,3408.06
190,30,455.25
190,14,296.7
56,19,414.2
88,7,356.85
189,30,232.21
124,26,465.68
189,21,319.02
189,8,349.1
189,2,39.12
30,174,1491.43
5,101,3809.8900000000003
23,44,1073.3
148,33,554.38
4,30,1028.0
1,279,1371.77
187,7,110.55000000000001
187,3,59.5
9,271,4745.69
94,11,234.6
158,71,463.90999999999997
186,8,124.57
9,54,1043.41
22,27,598.2
122,47,804.02
186,31,394.14
186,10,129.49
116,86,348.91
185,5,103.25
38,28,775.1800000000001
185,18,247.44
31,28,519.44
2,20,666.1
59,7,93.66
28,214,1838.6100000000001
185,66,235.56
185,31,294.24
185,13,198.57
185,21,307.72
16,86,775.96
43,6,778.0
184,21,320.58000000000004
184,16,298.48
75,69,1080.76
77,7,680.02
1,109,2027.5
29,50,1071.99
11,120,2294.78
184,17,307.9
17,125,568.24
1,115,1791.56
1,97,518.19
183,10,213.70000000000002
2,200,3586.0299999999997
9,192,1472.34
57,54,835.78
36,44,740.78
79,67,1240.11
183,30,161.38
17,31,3204.1600000000003
65,21,414.04
24,110,781.28
182,8,72.0
182,9,105.84
22,11,1717.36
182,14,149.89000000000001
22,111,780.43
182,26,506.19
26,98,1348.93
8,318,1600.26
182,3,39916.5
180,7,80.82
19,39,202.37
138,122,550.01
40,44,544.18
108,40,1135.04
31,104,931.02
39,28,408.90000000000003
11,393,1493.96
1,278,1196.5
50,70,1070.65
59,141,2128.42
179,26,376.58
75,15,322.41
86,41,549.46
30,97,757.63
72,119,429.56
14,21,379.65
4,50,448.90000000000003
179,70,1109.53
179,8,98.25
179,6,58.08
179,13,189.47
3,164,3543.26
67,48,661.52
30,152,4151.93
10,42,1621.73
46,26,546.1999999999999
17,20,251.70000000000002
177,32,142.92
177,19,353.43
177,10,302.46000000000004
177,3,76.5
128,111,408.59000000000003
11,232,3945.0
177,41,683.17
176,31,455.3
0,76,2092.32
176,13,323.0
176,6,810.6000000000001
35,32,1699.3000000000002
176,2,46.95
21,106,1502.78
21,27,1910.01
119,40,712.29
176,10,189.5
23,46,732.0699999999999
7,13,319.0
10,9,144.91000000000003
176,9,305.75
43,33,257.67
29,39,254.11
22,127,817.12
173,7,191.94
173,13,177.34
173,10,137.9
173,6,178.51999999999998
14,63,1122.38
156,98,350.82
173,43,187.05
21,29,507.29
11,236,1291.91
172,86,696.68
11,55,656.61
173,12,134.1
172,49,880.85
172,24,323.03000000000003
12,90,946.64
58,27,355.56
172,20,170.04
39,231,2718.6
18,71,496.06
172,20,532.94
172,1,500.0
172,16,113.12
21,101,1538.88
39,57,1049.7
37,38,6814.64
171,45,475.86
50,94,518.27
171,15,290.36
131,35,765.34
78,25,415.8
8,27,221.27
171,26,73.78
171,10,190.53
51,101,1537.95
170,8,135.75000000000003
149,8,159.85
7,57,360.01
170,12,237.61
170,16,114.56
170,66,179.93
169,8,142.5
8,50,1335.19
169,22,330.11
72,33,446.18
169,7,137.45
16,53,918.1999999999999
169,20,371.89
17,90,819.96
169,9,158.85
19,93,234.88
14,19,411.41
127,11,1516.0
166,6,131.45000000000002
8,98,2081.9
12,26,352.69
7,28,2686.42
154,21,216.20999999999998
165,12,163.29999999999998
165,16,243.76
28,118,2593.07
164,3,339.3
28,6,1692.27
164,1,51.0
163,3,508.8
15,26,460.64
5,184,1710.45
4,172,1068.8700000000001
74,164,1962.46
38,59,1247.69
38,27,1445.0
163,2,32.65
163,24,110.92
163,12,311.65
42,162,1541.23
162,13,127.1
23,122,720.86
162,25,300.04
161,15,100.97
162,34,203.85999999999999
161,9,345.29999999999995
140,11,207.73999999999998
135,43,752.6
71,33,459.24
161,28,405.38
22,82,972.11
124,4,260.25
159,12,99.14
138,14,644.3
159,28,383.85
159,31,154.55
159,12,156.91
158,9,289.96000000000004
72,46,801.51
59,6,173.76
158,2,101.10000000000001
157,19,487.02
45,3,95.85
22,86,648.89
157,19,160.42000000000002
15,33,500.42
157,11,214.79999999999998
157,22,642.02
59,47,786.54
156,11,197.22
122,4,533.98
134,47,529.73
156,9,39.239999999999995
155,42,361.11
155,53,781.03
3,77,1295.39
56,28,244.1
52,97,3610.96
155,37,1837.92
155,31,187.29
17,57,827.83
155,14,308.58000000000004
7,120,2383.2400000000002
78,69,1122.41
155,1,63.75
35,94,1415.29
11,22,380.35
149,31,653.3
16,111,351.73
115,45,1610.15
154,60,167.5
129,8,1740.0
152,21,389.78
9,52,524.88
126,23,1009.5500000000001
151,16,232.6
44,48,355.05
24,8,271.40000000000003
151,57,164.22
60,108,2155.95
7,12,1133.25
15,8,250.26000000000002
8,357,1793.06
1,82,1031.41
4,26,598.57
23,142,1383.3600000000001
149,11,179.17
149,42,610.01
50,9,218.55
149,11,311.92
149,83,299.05
149,25,574.7
148,13,309.4
25,48,841.1999999999999
33,29,498.8
148,6,98.45
43,51,307.51
109,23,608.7900000000001
59,60,1173.12
64,58,1174.35
33,62,1048.49
3,148,2274.14
1,88,1952.45
22,25,840.21
2,73,296.58
147,1,358.56000000000006
147,154,1220.77
147,28,180.42000000000002
3,162,2479.16
145,2,80.7
145,70,783.9
145,24,417.38
7,337,1810.65
145,48,152.68
19,63,1207.24
17,49,839.14
63,15,467.66
143,3,90.0
18,65,791.33
21,81,650.32
12,82,852.88
11,40,222.4
57,92,409.8
3,700,2790.9500000000003
4,119,1843.75
142,9,329.65
142,1,451.42
96,47,318.76
5,947,3017.28
19,230,1298.66
142,34,102.41
4,18,280.52
141,5,120.0
116,61,1000.16
138,29,145.79
33,18,330.45
141,15,283.12
141,38,178.75
30,6,3166.4
141,19,301.03
99,51,636.14
113,31,612.06
4,6,220.10000000000002
140,13,149.48
84,49,777.53
22,161,972.08
138,22,361.21999999999997
138,3,147.12
71,40,1033.0
35,55,798.74
138,30,501.14
46,66,1421.61
138,52,868.49
138,8,197.9
137,15,449.73
137,25,191.95000000000002
24,11,281.85
137,5,87.4
11,52,705.79
137,16,200.47
137,27,2007.3999999999999
32,45,776.851
57,17,337.34
26,97,572.56
135,3,60.7
135,34,255.91
71,105,1858.96
124,28,462.65999999999997
135,19,254.82
18,101,2298.93
119,20,645.65
92,41,678.25
2,61,987.1
134,25,425.32
134,1,244.8
134,28,196.88
134,1,25.5
133,14,337.44
133,7,115.8
133,21,358.82
133,22,375.0
15,8,258.4
19,46,347.08
133,23,520.8000000000001
36,17,343.45
11,68,1314.81
133,18,241.62
29,20,372.21999999999997
133,1,76.5
10,27,464.57
131,15,765.3199999999999
131,35,677.1
131,25,156.57999999999998
5,86,3766.6
130,2,304.56
72,14,290.82
130,13,498.48
29,52,325.96000000000004
56,33,1530.3600000000001
2,56,1018.71
88,400,4459.52
64,40,689.9
129,2,1487.6
129,22,919.61
129,24,406.09
73,5,1117.9
129,93,1595.48
129,44,118.67
52,13,924.6
129,10,111.35
39,79,1575.89
128,3,168.0
73,82,1674.69
42,57,1842.14
10,145,2420.84
128,18,114.77
128,40,208.65
128,2,594.0
17,5,192.60000000000002
7,35,1242.3
127,18,300.36
127,19,168.31
85,37,653.24
127,5,62.63999999999999
127,37,317.2
126,11,233.22
126,10,205.1
5,37,663.81
7,12,178.05
19,46,870.09
124,12,375.1
101,30,498.42
121,16,327.7
16,101,1521.04
92,10,193.64
63,71,1175.22
123,1,175.2
73,47,789.89
23,65,1166.77
122,6,356.0
122,32,674.7
32,84,1511.95
121,17,302.25
19,72,1382.74
50,6,123.8
21,122,1280.58
28,60,1093.68
120,69,318.65
36,44,1207.56
31,70,1324.84
120,5,252.1
50,24,538.55
120,1,15.0
119,7,138.32
119,8,156.75
117,10,193.75
117,13,640.14
5,29,247.15
116,19,213.85
116,25,411.7
116,7,508.4599999999999
39,11,251.87
116,14,234.17
116,44,1706.88
63,55,1060.56
64,37,570.5
92,6,877.4399999999999
8,120,1429.35
18,29,260.68
31,35,547.0600000000001
99,10,165.0
46,266,4919.0
114,29,85.13000000000001
52,52,646.76
37,123,531.35
114,62,304.24
7,16,266.39
113,16,138.98
9,25,377.44
113,76,371.56
113,6,313.62
112,1,71.4
112,14,288.18
93,8,128.5
29,25,917.07
23,31,503.76
112,9,139.26
112,5,135.95
17,39,251.91
2,230,1529.0
60,213,578.61
110,54,548.12
110,1,52.0
46,64,1063.95
3,111,1863.47
35,17,285.89
109,16,167.61
32,139,1727.6
17,174,1446.09
45,7,179.33999999999997
108,12,241.09
3,124,1937.25
4,31,439.43
91,42,576.4
107,18,213.55
107,141,534.31
24,36,744.85
106,6,335.52
106,12,156.51
106,8,120.0
106,1,17.0
106,15,628.38
31,54,746.36
106,2,284.55
106,10,725.6400000000001
106,9,138.14
106,30,150.35
23,37,1384.8600000000001
16,146,2624.26
1,100,1721.4
105,12,231.10000000000002
2,40,915.13
105,41,735.67
7,73,3347.31
103,48,161.74
103,9,178.7
8,70,721.45
4,5111,65164.79
30,34,597.91
101,43,211.89
86,30,285.74
38,42,1079.6599999999999
4,19,239.76
24,190,647.56
100,23,566.38
63,30,590.9300000000001
10,4,712.8000000000001
99,18,305.28000000000003
99,1,207.35999999999999
99,29,387.52
98,9,89.06
98,21,115.31
32,27,383.03
54,93,304.24
15,84,1418.32
98,58,363.79
74,10,534.24
96,13,316.62
63,52,374.7
5,76,1747.66
46,35,734.94
96,47,131.81
96,81,596.09
2,68,1286.7
73,60,408.63
43,21,324.24
95,12,205.3
95,26,497.61
95,12,82.75
2,160,2427.32
31,117,2118.03
94,29,303.93
94,10,151.74
94,2,64.0
93,22,353.48
3,82,1255.59
29,25,380.6
10,60,259.05
92,15,416.90000000000003
92,2,91.32000000000001
92,19,443.0
92,27,121.74000000000001
46,43,1312.1399999999999
91,13,296.64
18,40,957.66
44,10,573.22
74,34,482.47
10,29,1127.71
4,545,1508.96
91,21,337.74
32,77,709.99
89,27,252.73000000000002
22,55,268.05
31,15,276.56
46,9,2600.34
89,9,1070.48
89,23,378.64
89,6,103.3
7,111,1904.05
89,18,305.62
9,377,2248.5
9,43,2614.7400000000002
24,42,703.47
89,108,769.8100000000001
19,83,807.57
89,13,299.34000000000003
9,34,453.4
88,37,778.65
67,46,1269.1
88,23,547.02
88,7,309.05
88,30,620.4
88,23,1304.04
4,636,3450.41
88,54,303.15999999999997
5,134,2308.06
16,39,642.8
19,55,912.18
87,14,266.97
54,96,899.69
87,2,96.6
32,56,397.99
87,75,1267.32
70,46,948.88
87,21,364.5
87,30,563.15
87,7,117.35000000000001
87,16,4314.72
52,71,1010.18
42,22,372.8
86,5,621.66
1,76,1245.9
12,57,415.13
3,165,2876.01
21,74,1107.46
30,32,595.25
86,1,228.96
31,35,703.36
35,205,916.98
18,49,679.45
72,11,567.36
86,3,117.24
57,63,721.94
85,42,679.68
85,28,494.25
85,36,627.16
51,33,2093.32
52,30,1992.1100000000001
65,20,1025.44
31,97,591.1899999999999
85,23,655.75
2,134,2373.82
85,57,334.53
11,158,900.53
85,1,2033.1
15,11,215.48
85,28,508.8
85,3,211.32
85,16,788.38
84,48,842.5
1,48,984.57
21,81,829.89
84,23,410.48
3,21,787.85
84,5,419.58000000000004
84,24,371.01
84,10,412.01000000000005
84,3,13.3
82,29,1708.24
17,25,501.12
40,169,856.84
82,7,973.8399999999999
75,13,422.59999999999997
5,132,798.35
82,15,115.46000000000001
28,132,811.23
81,12,675.3
81,22,345.0
81,13,52.83
8,68,1131.56
14,34,541.46
81,2,358.0
79,33,701.23
43,19,712.5
81,5,75.75
81,14,228.06
80,17,2020.52
80,14,242.35
70,29,1631.77
80,12,168.31
24,49,454.01
80,42,768.24
56,30,779.9
79,14,507.84
16,40,979.12
79,20,322.8
79,14,194.37
79,20,311.69
54,27,447.68
79,6,1862.0
1,50,815.77
10,41,763.28
4,108,2157.4
78,15,317.76
10,49,780.59
78,6,159.0
78,2,48.480000000000004
50,52,1163.45
11,57,650.4300000000001
1,187,3590.41
17,62,1063.9
78,20,432.2
23,156,1348.88
78,11,394.72
16,73,1345.53
11,63,2919.81
78,2,118.80000000000001
10,166,2720.63
21,5,293.1
5,79,1387.79
78,9,137.75
78,19,301.71999999999997
78,8,122.75
77,3,34.8
77,15,259.17
11,34,330.03000000000003
77,29,511.82
31,61,1086.92
77,27,773.03
77,39,344.33
77,39,505.18
24,135,3718.8
77,51,795.12
77,29,114.18
50,48,903.9
65,37,583.75
77,29,454.10999999999996
77,49,1098.78
77,42,363.65
4,18,303.75
8,85,1822.97
75,14,302.2
75,53,769.29
4,44,781.78
75,17,272.22
5,134,2463.17
1,178,3444.39
26,82,397.35
75,23,329.34
75,53,181.09
40,299,1074.81
75,19,420.5
75,15,400.68100000000004
75,25,349.7
75,10,318.0
75,11,193.39000000000001
10,67,1006.8
75,71,254.28
74,13,544.08
4,45,694.05
74,21,348.99
36,32,517.36
74,9,277.8
74,40,1033.34
74,7,104.35
28,35,659.4599999999999
74,22,316.68
74,2,74.9
0,26,563.94
74,7,145.67000000000002
23,23,484.82
73,4,152.20000000000002
1,62,775.94
73,10,512.31
73,9,173.9
73,54,869.87
73,11,305.54
2,53,758.29
63,39,395.8
42,43,770.03
8,16,423.36
72,9,144.2
15,18,656.69
72,9,158.04
72,17,2062.06
1,117,1838.8500000000001
21,12,1372.8
72,10,248.61
72,6,513.2
72,18,379.14
71,24,518.42
71,45,957.97
40,36,541.53
71,2,100.8
71,23,224.14
21,12,230.22
1,253,3628.5
9,104,891.21
71,16,243.56
71,51,743.53
25,76,1737.69
71,17,216.85
16,69,1212.66
71,28,451.44
33,25,659.4100000000001
14,348,1698.07
16,19,364.72
71,10,134.95999999999998
71,45,667.65
70,20,300.02
70,76,1290.7
50,8,173.16
29,31,621.75
1,25,439.92
70,5,199.8
70,6,74.39999999999999
22,20,486.69
70,8,341.36
70,21,310.62
70,23,443.05
70,30,618.59
68,10,213.5
68,25,270.8
5,169,594.52
26,53,378.89
19,176,1082.81
23,18,306.46
67,46,1064.28
37,42,836.06
67,15,415.2
67,62,1071.03
22,6,363.9
8,99,657.16
36,53,778.5
67,30,480.71
21,57,1160.07
67,21,426.63
67,15,338.71000000000004
7,59,2089.85
66,23,324.8
66,1,432.0
8,72,583.4300000000001
66,47,890.85
66,24,452.89
66,16,373.94
66,8,449.12
66,31,111.68
66,49,128.63
65,16,406.53
65,6,108.38
3,18,728.16
65,10,140.34
25,17,331.0
65,2,65.4
16,46,851.01
65,27,328.65
65,24,332.3
65,5,90.6
65,22,369.34000000000003
65,7,133.06
65,6,92.46
65,33,93.82000000000001
64,9,312.98
64,24,391.98
64,17,282.45
64,24,508.58000000000004
9,79,1328.55
64,23,428.89
64,62,202.27
28,68,547.0
64,22,295.93
64,127,2626.3
64,23,393.74
64,8,287.4
64,16,174.37
2,65,1191.13
64,7,145.35
64,28,172.82
44,2,6.9
17,19,486.71999999999997
64,11,315.06
64,28,496.44
64,14,233.76
35,158,557.94
63,11,146.87
50,17,363.34000000000003
63,2,6.2
63,23,439.56
1,46,965.8800000000001
10,39,641.94
63,7,122.7
7,96,2050.08
63,10,256.38
11,196,849.06
63,8,712.4
7,311,2170.78
63,16,221.06
57,364,6083.64
16,79,887.11
63,6,910.0
63,15,1714.96
3,321,2108.06
61,28,298.21
61,81,283.18
61,7,152.94
36,6,195.15
26,200,933.26
61,85,360.16
61,8,557.62
44,62,570.96
61,37,166.03
61,62,324.24
61,25,112.08
19,141,786.83
61,57,189.34
61,31,1743.1499999999999
61,55,154.18
60,19,499.32
60,6,104.82
60,11,215.83
14,11,1771.2
19,43,759.17
60,9,202.65
60,52,200.92000000000002
1,62,1260.86
60,22,384.06
32,13,714.96
46,2,144.0
2,39,3119.44
60,71,371.54
60,11,200.14
60,24,397.97999999999996
60,55,428.93
60,12,181.09
35,148,3560.08
43,111,657.3
5,31,511.12
3,159,2780.15
3,35,606.91
59,4,81.44
59,25,397.12
14,136,599.48
59,30,1309.14
57,13,225.85
59,3,73.2
59,9,172.25
51,21,704.25
58,2,96.12
58,34,223.92000000000002
9,10,168.24
58,41,674.68
58,8,110.38
57,10,355.56
57,9,187.82999999999998
1,78,2879.7000000000003
22,147,754.12
57,11,279.94
57,23,1090.14
57,26,171.59
57,6,300.85
57,16,243.84
15,70,1059.39
57,98,386.32
57,11,216.17
36,65,1290.53
56,13,158.75
40,44,1399.92
56,31,262.2
26,71,1051.4
56,4,81.57
56,1,20.8
2,30,434.35
33,51,409.1
54,35,1271.57
54,61,931.03
54,32,414.27
3,355,3974.75
54,34,362.06
9,97,3509.43
53,5,119.62
53,7,165.04999999999998
53,19,1077.74
53,38,289.78
53,30,546.81
53,20,351.13
53,30,135.99
53,13,384.08
53,9,223.36
53,35,170.22
53,1,417.59999999999997
53,42,893.59
53,7,204.24
53,13,131.94
53,48,150.23000000000002
53,5,109.36000000000001
53,39,188.88
53,31,954.9
29,14,277.05
53,14,240.68
52,15,223.36
52,14,281.42
52,12,352.7
52,20,917.34
52,26,396.97
52,10,208.75
52,6,125.79
10,203,2279.4900000000002
40,157,701.57
52,5,521.2
52,17,216.39
52,56,202.68
51,16,307.78
4,20,342.45
51,9,124.88
23,6,148.86
51,15,337.04
51,6,112.46000000000001
51,30,110.8
51,5,38.45
1,200,1217.27
51,24,467.51
51,22,341.7
51,13,298.4
51,8,415.82000000000005
51,132,480.38
8,70,1281.32
51,13,157.7
16,72,1945.33
50,18,1035.45
50,16,443.6
50,16,1393.06
50,17,386.43
50,16,430.5
50,44,749.1
50,15,331.95
50,1,56.160000000000004
31,103,812.68
50,11,214.32
50,14,321.92
50,17,311.16
50,29,157.05
50,35,230.5
50,10,137.37
3,16,274.15000000000003
29,17,183.44
49,6,463.8
49,3,240.55
49,61,155.37
3,181,704.55
17,37,616.26
49,9,154.88
49,28,413.59000000000003
49,33,657.23
47,77,490.52
47,32,211.88
1,254,2501.84
47,35,160.04
3,53,226.47
33,292,1430.54
11,121,852.39
47,29,231.61
47,24,110.21000000000001
4,150,955.26
46,24,388.58
46,12,255.89999999999998
46,39,731.5
44,15,62.43
46,6,278.3
46,1,464.9
46,26,498.74
46,31,157.62
46,6,422.58
25,63,288.91
46,29,547.66
46,26,415.82
46,11,130.73999999999998
46,67,481.49
45,20,393.54
45,27,656.63
19,28,470.76
45,43,178.34
45,11,121.18
45,7,401.40000000000003
22,45,661.3199999999999
14,15,196.79000000000002
45,66,650.75
44,21,326.24
15,32,537.48
10,47,757.37
44,29,522.91
5,58,1105.8799999999999
44,50,221.97
44,36,267.13
44,47,200.27
5,25,430.15000000000003
44,37,565.46
8,543,2777.67
44,15,95.45
8,60,955.24
43,11,306.45
3,21,399.19
17,60,992.5
43,14,335.86
43,15,239.41
43,26,379.45
43,5,389.64
43,12,193.44
35,155,1097.98
43,141,642.32
43,32,236.09
4,35,874.59
43,40,225.12
23,19,328.4
43,10,183.7
35,49,713.89
42,19,290.65999999999997
17,34,822.48
42,12,169.48000000000002
42,11,219.39000000000001
4,9,230.64999999999998
22,14,490.22
42,52,318.15
40,30,242.7
2,24,1662.3
40,46,542.73
40,6,114.11
40,20,144.36
16,21,1352.0
2,196,1468.02
12,114,302.1
40,41,507.66
40,12,316.88
19,3,90.30000000000001
40,5,166.20000000000002
5,96,632.0
40,37,396.33
40,6,215.08
9,214,1411.21
40,97,675.51
39,13,427.93
39,8,243.94
39,13,301.32
35,6,94.2
39,40,656.25
17,65,1054.73
38,12,151.29999999999998
38,6,108.97999999999999
2,38,558.96
38,23,325.91
7,27,497.56
38,46,162.8
7,33,3192.54
38,2,43.5
1,15,347.75
38,41,357.21
17,28,494.44
37,26,429.84000000000003
37,39,576.0
3,59,1839.3
37,41,615.14
3,93,1545.6200000000001
37,43,921.37
37,18,113.48000000000002
37,24,399.65000000000003
37,17,89.94
37,9,176.68
1,20,640.76
37,38,754.64
37,87,211.49
12,82,386.69
37,18,364.21999999999997
18,48,365.76
36,10,151.05
36,21,147.35
36,29,436.06
11,85,847.45
36,28,524.14
1,37,326.75
36,32,263.92
36,30,183.76
36,29,528.08
11,33,626.45
10,98,1071.91
7,62,334.48
36,28,378.2
23,59,1129.14
35,20,308.94
35,164,612.72
35,19,328.15
35,25,107.82
35,22,324.57
35,25,190.88
35,36,192.32999999999998
35,7,71.66
35,149,2747.9900000000002
26,11,589.7
33,20,125.58
9,13,1463.04
19,76,746.81
28,20,333.48
33,66,210.31
33,63,230.51
1,55,961.49
33,92,355.73
33,56,191.99
33,26,134.46
33,6,152.2
8,43,676.99
2,49,396.48
19,98,636.24
33,4,148.44
33,2,35.400000000000006
33,67,361.96
32,19,712.78
32,74,351.44
32,4,45.599999999999994
32,33,527.0500000000001
18,60,387.44
32,13,151.04
22,33,852.15
24,48,470.8
32,11,223.88
31,8,180.48
31,28,603.75
3,66,935.05
31,25,114.23
31,4,777.6
31,42,428.89
24,34,574.4399999999999
31,3,537.0
31,24,2328.84
31,26,481.75
31,7,71.0
31,22,329.25
7,42,789.79
30,25,1764.72
30,31,176.55
10,6,102.44999999999999
30,15,270.9
30,22,112.4
30,37,147.59
30,6,101.69999999999999
30,5,125.80000000000001
30,14,168.12
30,5,76.8
5,9,163.62
29,3,1873.2
30,1,20.8
30,11,175.92
30,30,429.84
8,219,1972.39
17,5,1138.0
29,29,1013.01
29,28,439.65999999999997
22,106,735.82
29,10,106.1
29,7,126.14
29,21,288.14
29,11,266.76
29,56,363.2
9,28,689.1
29,19,110.38
28,6,197.64
28,8,139.10000000000002
0,76,1239.38
28,19,468.91
28,17,184.26
28,12,191.04
28,83,399.09
2,69,479.91
28,30,162.22
28,33,491.86
28,21,345.82
26,4,107.95
26,30,108.81
9,21,922.53
26,17,228.91
7,30,679.4399999999999
26,27,164.34
26,126,615.49
26,25,152.95
2,69,1025.44
25,7,139.56
25,20,332.66
25,56,261.9
25,9,114.14
25,5,106.56
25,9,98.42
25,70,680.84
25,72,315.65
25,7,161.64
8,142,869.77
25,19,394.38
25,52,300.34
25,6,948.48
25,54,285.67
25,83,465.88
12,180,1259.43
24,18,346.12
24,8,135.86
24,20,308.48
24,9,205.25
24,1,440.0
24,47,655.58
24,14,195.25
24,10,160.19
24,14,213.78
2,23,1843.0
24,128,598.73
24,41,366.85
24,31,279.77
24,44,384.39
24,79,376.71999999999997
23,19,291.88
23,2,408.8
9,14,202.11
23,47,337.28
23,11,184.4
23,11,223.85000000000002
23,50,384.18
23,2,256.32
2,59,342.24
23,10,171.19
23,22,444.68
22,1,30.0
11,19,314.69
22,4,91.8
22,84,843.64
22,89,681.41
22,21,631.35
22,37,151.5
22,15,209.49
22,29,149.29
21,7,110.46
4,16,1293.03
21,110,418.68
21,44,151.37
21,34,181.07
21,59,163.24
21,4,446.94000000000005
21,14,228.99
21,8,166.08
19,17,255.4
19,3,107.6
19,56,225.36
19,37,198.8
19,45,165.12
19,26,156.78
11,33,652.74
19,19,371.2
19,32,118.98
19,11,170.32
19,20,285.56
19,3,52.199999999999996
19,23,307.09
18,18,327.3
18,3,43.2
18,7,186.01
18,52,612.01
18,58,154.35
18,14,297.0
18,4,97.5
18,18,178.26
18,3,216.9
17,159,8438.34
4,47,716.57
18,11,195.36
18,21,340.11
18,65,971.74
17,18,309.65
17,3,75.0
17,16,308.74
17,13,161.67000000000002
1,126,490.33
17,1,322.08
17,25,199.48000000000002
17,49,128.18
17,13,320.46
17,27,162.78
17,8,95.34
17,15,243.55
8,122,974.96
4,28,547.07
16,17,138.6
16,97,596.36
16,1,90.47999999999999
3,96,513.01
16,43,328.58
15,8,122.64
15,18,220.62
15,54,316.5
10,3,77.4
4,111,271.19
15,21,271.2
15,32,415.25
15,54,280.09000000000003
15,1,49.8
15,6,93.78
15,66,1060.25
15,38,738.96
14,2,35.400000000000006
14,22,318.17
14,45,256.11
14,108,316.25
14,36,183.02
2,35,417.77
10,5,137.0
14,21,350.9
14,3,100.9
5,146,664.11
12,63,251.03
12,77,294.85
12,53,156.34
12,100,433.86
9,73,1237.8500000000001
11,84,471.40000000000003
11,24,114.34
11,20,361.62
11,15,213.3
11,78,389.71999999999997
11,156,1162.65
11,43,546.04
11,15,127.86
11,2,114.60000000000001
11,13,279.05
10,16,247.32
10,3,336.40000000000003
10,20,301.29
10,7,213.96
10,14,246.3
10,50,173.45
7,15,706.1300000000001
10,35,300.83
10,71,201.78
10,34,218.75
1,418,1071.73
10,31,133.5
9,3,170.16
9,17,329.85
9,10,160.18
8,115,294.25
9,39,366.23
8,12,353.27
8,30,164.68
8,5,80.8
7,2,77.50000000000001
7,32,171.42000000000002
7,41,538.46
7,1,204.0
7,1,104.0
5,15,486.22
5,10,635.6800000000001
5,72,380.13
5,31,593.75
5,7,126.12
4,25,248.08
4,46,120.03
4,7,90.04
4,45,348.8
4,7,89.94
4,49,193.39000000000001
3,3,41.989999999999995
3,33,312.62
3,75,329.36
3,17,244.41
3,5,124.2
3,24,168.63
2,9,12393.7
2,1,3861.0
2,68,191.47
2,39,150.61
2,73,454.48
1,12,196.89
1,18,343.5
1,2,360.0
1,12,227.39
